#group,false,false,true,true,false,false,true,true
#datatype,string,long,dateTime:RFC3339,dateTime:RFC3339,dateTime:RFC3339,double,string,string
#default,mean,,,,,,,
,result,table,_start,_stop,_time,_value,_field,_measurement
,,0,2024-12-17T20:38:11.325969Z,2024-12-17T20:53:11.325969Z,2024-12-17T20:41:57Z,22.35,value,temperature
,,0,2024-12-17T20:38:11.325969Z,2024-12-17T20:53:11.325969Z,2024-12-17T20:41:58Z,22.35,value,temperature
,,0,2024-12-17T20:38:11.325969Z,2024-12-17T20:53:11.325969Z,2024-12-17T20:41:59Z,22.35,value,temperature
,,0,2024-12-17T20:38:11.325969Z,2024-12-17T20:53:11.325969Z,2024-12-17T20:42:00Z,22.35,value,temperature
,,0,2024-12-17T20:38:11.325969Z,2024-12-17T20:53:11.325969Z,2024-12-17T20:42:01Z,22.35,value,temperature
,,0,2024-12-17T20:38:11.325969Z,2024-12-17T20:53:11.325969Z,2024-12-17T20:42:02Z,22.35,value,temperature
,,0,2024-12-17T20:38:11.325969Z,2024-12-17T20:53:11.325969Z,2024-12-17T20:42:03Z,22.35,value,temperature
,,0,2024-12-17T20:38:11.325969Z,2024-12-17T20:53:11.325969Z,2024-12-17T20:42:04Z,22.36,value,temperature
,,0,2024-12-17T20:38:11.325969Z,2024-12-17T20:53:11.325969Z,2024-12-17T20:42:05Z,22.36,value,temperature
,,0,2024-12-17T20:38:11.325969Z,2024-12-17T20:53:11.325969Z,2024-12-17T20:42:06Z,22.36,value,temperature
,,0,2024-12-17T20:38:11.325969Z,2024-12-17T20:53:11.325969Z,2024-12-17T20:42:07Z,22.36,value,temperature
,,0,2024-12-17T20:38:11.325969Z,2024-12-17T20:53:11.325969Z,2024-12-17T20:42:08Z,22.36,value,temperature
,,0,2024-12-17T20:38:11.325969Z,2024-12-17T20:53:11.325969Z,2024-12-17T20:42:09Z,22.36,value,temperature
,,0,2024-12-17T20:38:11.325969Z,2024-12-17T20:53:11.325969Z,2024-12-17T20:42:10Z,22.36,value,temperature
,,0,2024-12-17T20:38:11.325969Z,2024-12-17T20:53:11.325969Z,2024-12-17T20:42:11Z,22.37,value,temperature
,,0,2024-12-17T20:38:11.325969Z,2024-12-17T20:53:11.325969Z,2024-12-17T20:42:12Z,22.38,value,temperature
,,0,2024-12-17T20:38:11.325969Z,2024-12-17T20:53:11.325969Z,2024-12-17T20:42:13Z,22.42,value,temperature
,,0,2024-12-17T20:38:11.325969Z,2024-12-17T20:53:11.325969Z,2024-12-17T20:42:14Z,22.5,value,temperature
,,0,2024-12-17T20:38:11.325969Z,2024-12-17T20:53:11.325969Z,2024-12-17T20:42:15Z,24.34,value,temperature
,,0,2024-12-17T20:38:11.325969Z,2024-12-17T20:53:11.325969Z,2024-12-17T20:42:16Z,25.26,value,temperature
,,0,2024-12-17T20:38:11.325969Z,2024-12-17T20:53:11.325969Z,2024-12-17T20:42:17Z,25.88,value,temperature
,,0,2024-12-17T20:38:11.325969Z,2024-12-17T20:53:11.325969Z,2024-12-17T20:42:18Z,26.4,value,temperature
,,0,2024-12-17T20:38:11.325969Z,2024-12-17T20:53:11.325969Z,2024-12-17T20:42:19Z,26.33,value,temperature
,,0,2024-12-17T20:38:11.325969Z,2024-12-17T20:53:11.325969Z,2024-12-17T20:42:20Z,25.56,value,temperature
,,0,2024-12-17T20:38:11.325969Z,2024-12-17T20:53:11.325969Z,2024-12-17T20:42:21Z,25.29,value,temperature
,,0,2024-12-17T20:38:11.325969Z,2024-12-17T20:53:11.325969Z,2024-12-17T20:42:22Z,25.18,value,temperature
,,0,2024-12-17T20:38:11.325969Z,2024-12-17T20:53:11.325969Z,2024-12-17T20:42:23Z,25.09,value,temperature
,,0,2024-12-17T20:38:11.325969Z,2024-12-17T20:53:11.325969Z,2024-12-17T20:42:24Z,25,value,temperature
,,0,2024-12-17T20:38:11.325969Z,2024-12-17T20:53:11.325969Z,2024-12-17T20:42:25Z,24.94,value,temperature
,,0,2024-12-17T20:38:11.325969Z,2024-12-17T20:53:11.325969Z,2024-12-17T20:42:26Z,24.87,value,temperature
,,0,2024-12-17T20:38:11.325969Z,2024-12-17T20:53:11.325969Z,2024-12-17T20:42:27Z,24.82,value,temperature
,,0,2024-12-17T20:38:11.325969Z,2024-12-17T20:53:11.325969Z,2024-12-17T20:42:29Z,24.77,value,temperature
,,0,2024-12-17T20:38:11.325969Z,2024-12-17T20:53:11.325969Z,2024-12-17T20:42:30Z,24.68,value,temperature
,,0,2024-12-17T20:38:11.325969Z,2024-12-17T20:53:11.325969Z,2024-12-17T20:42:31Z,24.61,value,temperature
,,0,2024-12-17T20:38:11.325969Z,2024-12-17T20:53:11.325969Z,2024-12-17T20:42:33Z,24.55,value,temperature
,,0,2024-12-17T20:38:11.325969Z,2024-12-17T20:53:11.325969Z,2024-12-17T20:42:34Z,24.49,value,temperature
,,0,2024-12-17T20:38:11.325969Z,2024-12-17T20:53:11.325969Z,2024-12-17T20:42:35Z,24.45,value,temperature
,,0,2024-12-17T20:38:11.325969Z,2024-12-17T20:53:11.325969Z,2024-12-17T20:42:37Z,24.4,value,temperature
,,0,2024-12-17T20:38:11.325969Z,2024-12-17T20:53:11.325969Z,2024-12-17T20:42:39Z,24.35,value,temperature
,,0,2024-12-17T20:38:11.325969Z,2024-12-17T20:53:11.325969Z,2024-12-17T20:42:40Z,24.32,value,temperature
,,0,2024-12-17T20:38:11.325969Z,2024-12-17T20:53:11.325969Z,2024-12-17T20:42:41Z,24.29,value,temperature
,,0,2024-12-17T20:38:11.325969Z,2024-12-17T20:53:11.325969Z,2024-12-17T20:42:42Z,24.26,value,temperature
,,0,2024-12-17T20:38:11.325969Z,2024-12-17T20:53:11.325969Z,2024-12-17T20:42:43Z,24.22,value,temperature
,,0,2024-12-17T20:38:11.325969Z,2024-12-17T20:53:11.325969Z,2024-12-17T20:42:45Z,24.18,value,temperature
,,0,2024-12-17T20:38:11.325969Z,2024-12-17T20:53:11.325969Z,2024-12-17T20:42:46Z,24.16,value,temperature
,,0,2024-12-17T20:38:11.325969Z,2024-12-17T20:53:11.325969Z,2024-12-17T20:42:47Z,24.14,value,temperature
,,0,2024-12-17T20:38:11.325969Z,2024-12-17T20:53:11.325969Z,2024-12-17T20:42:48Z,24.12,value,temperature
,,0,2024-12-17T20:38:11.325969Z,2024-12-17T20:53:11.325969Z,2024-12-17T20:42:49Z,24.09,value,temperature
,,0,2024-12-17T20:38:11.325969Z,2024-12-17T20:53:11.325969Z,2024-12-17T20:42:50Z,24.07,value,temperature
,,0,2024-12-17T20:38:11.325969Z,2024-12-17T20:53:11.325969Z,2024-12-17T20:42:51Z,24.05,value,temperature
,,0,2024-12-17T20:38:11.325969Z,2024-12-17T20:53:11.325969Z,2024-12-17T20:42:52Z,24.04,value,temperature
,,0,2024-12-17T20:38:11.325969Z,2024-12-17T20:53:11.325969Z,2024-12-17T20:42:53Z,24.01,value,temperature
,,0,2024-12-17T20:38:11.325969Z,2024-12-17T20:53:11.325969Z,2024-12-17T20:42:54Z,23.99,value,temperature
,,0,2024-12-17T20:38:11.325969Z,2024-12-17T20:53:11.325969Z,2024-12-17T20:42:57Z,23.95,value,temperature
,,0,2024-12-17T20:38:11.325969Z,2024-12-17T20:53:11.325969Z,2024-12-17T20:42:58Z,23.92,value,temperature
,,0,2024-12-17T20:38:11.325969Z,2024-12-17T20:53:11.325969Z,2024-12-17T20:42:59Z,23.9,value,temperature
,,0,2024-12-17T20:38:11.325969Z,2024-12-17T20:53:11.325969Z,2024-12-17T20:43:00Z,23.88,value,temperature
,,0,2024-12-17T20:38:11.325969Z,2024-12-17T20:53:11.325969Z,2024-12-17T20:43:01Z,23.86,value,temperature
,,0,2024-12-17T20:38:11.325969Z,2024-12-17T20:53:11.325969Z,2024-12-17T20:43:02Z,23.84,value,temperature
,,0,2024-12-17T20:38:11.325969Z,2024-12-17T20:53:11.325969Z,2024-12-17T20:43:03Z,23.83,value,temperature
,,0,2024-12-17T20:38:11.325969Z,2024-12-17T20:53:11.325969Z,2024-12-17T20:43:04Z,23.81,value,temperature
,,0,2024-12-17T20:38:11.325969Z,2024-12-17T20:53:11.325969Z,2024-12-17T20:43:05Z,23.79,value,temperature
,,0,2024-12-17T20:38:11.325969Z,2024-12-17T20:53:11.325969Z,2024-12-17T20:43:06Z,23.77,value,temperature
,,0,2024-12-17T20:38:11.325969Z,2024-12-17T20:53:11.325969Z,2024-12-17T20:43:07Z,23.76,value,temperature
,,0,2024-12-17T20:38:11.325969Z,2024-12-17T20:53:11.325969Z,2024-12-17T20:43:08Z,23.74,value,temperature
,,0,2024-12-17T20:38:11.325969Z,2024-12-17T20:53:11.325969Z,2024-12-17T20:43:09Z,23.73,value,temperature
,,0,2024-12-17T20:38:11.325969Z,2024-12-17T20:53:11.325969Z,2024-12-17T20:43:10Z,23.71,value,temperature
,,0,2024-12-17T20:38:11.325969Z,2024-12-17T20:53:11.325969Z,2024-12-17T20:43:11Z,23.7,value,temperature
,,0,2024-12-17T20:38:11.325969Z,2024-12-17T20:53:11.325969Z,2024-12-17T20:43:12Z,23.68,value,temperature
,,0,2024-12-17T20:38:11.325969Z,2024-12-17T20:53:11.325969Z,2024-12-17T20:43:13Z,23.67,value,temperature
,,0,2024-12-17T20:38:11.325969Z,2024-12-17T20:53:11.325969Z,2024-12-17T20:43:14Z,23.66,value,temperature
,,0,2024-12-17T20:38:11.325969Z,2024-12-17T20:53:11.325969Z,2024-12-17T20:43:15Z,23.65,value,temperature
,,0,2024-12-17T20:38:11.325969Z,2024-12-17T20:53:11.325969Z,2024-12-17T20:43:16Z,23.64,value,temperature
,,0,2024-12-17T20:38:11.325969Z,2024-12-17T20:53:11.325969Z,2024-12-17T20:43:17Z,23.62,value,temperature
,,0,2024-12-17T20:38:11.325969Z,2024-12-17T20:53:11.325969Z,2024-12-17T20:43:18Z,23.61,value,temperature
,,0,2024-12-17T20:38:11.325969Z,2024-12-17T20:53:11.325969Z,2024-12-17T20:43:19Z,23.59,value,temperature
,,0,2024-12-17T20:38:11.325969Z,2024-12-17T20:53:11.325969Z,2024-12-17T20:43:20Z,23.58,value,temperature
,,0,2024-12-17T20:38:11.325969Z,2024-12-17T20:53:11.325969Z,2024-12-17T20:43:21Z,23.57,value,temperature
,,0,2024-12-17T20:38:11.325969Z,2024-12-17T20:53:11.325969Z,2024-12-17T20:43:22Z,23.56,value,temperature
,,0,2024-12-17T20:38:11.325969Z,2024-12-17T20:53:11.325969Z,2024-12-17T20:43:23Z,23.55,value,temperature
,,0,2024-12-17T20:38:11.325969Z,2024-12-17T20:53:11.325969Z,2024-12-17T20:43:24Z,23.54,value,temperature
,,0,2024-12-17T20:38:11.325969Z,2024-12-17T20:53:11.325969Z,2024-12-17T20:43:25Z,23.52,value,temperature
,,0,2024-12-17T20:38:11.325969Z,2024-12-17T20:53:11.325969Z,2024-12-17T20:43:26Z,23.51,value,temperature
,,0,2024-12-17T20:38:11.325969Z,2024-12-17T20:53:11.325969Z,2024-12-17T20:43:27Z,23.5,value,temperature
,,0,2024-12-17T20:38:11.325969Z,2024-12-17T20:53:11.325969Z,2024-12-17T20:43:28Z,23.49,value,temperature
,,0,2024-12-17T20:38:11.325969Z,2024-12-17T20:53:11.325969Z,2024-12-17T20:43:29Z,23.48,value,temperature
,,0,2024-12-17T20:38:11.325969Z,2024-12-17T20:53:11.325969Z,2024-12-17T20:43:30Z,23.46,value,temperature
,,0,2024-12-17T20:38:11.325969Z,2024-12-17T20:53:11.325969Z,2024-12-17T20:43:32Z,23.44,value,temperature
,,0,2024-12-17T20:38:11.325969Z,2024-12-17T20:53:11.325969Z,2024-12-17T20:43:33Z,23.43,value,temperature
,,0,2024-12-17T20:38:11.325969Z,2024-12-17T20:53:11.325969Z,2024-12-17T20:43:34Z,23.42,value,temperature
,,0,2024-12-17T20:38:11.325969Z,2024-12-17T20:53:11.325969Z,2024-12-17T20:43:35Z,23.42,value,temperature
,,0,2024-12-17T20:38:11.325969Z,2024-12-17T20:53:11.325969Z,2024-12-17T20:43:36Z,23.4,value,temperature
,,0,2024-12-17T20:38:11.325969Z,2024-12-17T20:53:11.325969Z,2024-12-17T20:43:37Z,23.4,value,temperature
,,0,2024-12-17T20:38:11.325969Z,2024-12-17T20:53:11.325969Z,2024-12-17T20:43:38Z,23.38,value,temperature
,,0,2024-12-17T20:38:11.325969Z,2024-12-17T20:53:11.325969Z,2024-12-17T20:43:39Z,23.37,value,temperature
,,0,2024-12-17T20:38:11.325969Z,2024-12-17T20:53:11.325969Z,2024-12-17T20:43:40Z,23.36,value,temperature
,,0,2024-12-17T20:38:11.325969Z,2024-12-17T20:53:11.325969Z,2024-12-17T20:43:41Z,23.35,value,temperature
,,0,2024-12-17T20:38:11.325969Z,2024-12-17T20:53:11.325969Z,2024-12-17T20:43:42Z,23.34,value,temperature
,,0,2024-12-17T20:38:11.325969Z,2024-12-17T20:53:11.325969Z,2024-12-17T20:43:43Z,23.34,value,temperature
,,0,2024-12-17T20:38:11.325969Z,2024-12-17T20:53:11.325969Z,2024-12-17T20:43:44Z,23.32,value,temperature
,,0,2024-12-17T20:38:11.325969Z,2024-12-17T20:53:11.325969Z,2024-12-17T20:43:45Z,23.32,value,temperature
,,0,2024-12-17T20:38:11.325969Z,2024-12-17T20:53:11.325969Z,2024-12-17T20:43:46Z,23.31,value,temperature
,,0,2024-12-17T20:38:11.325969Z,2024-12-17T20:53:11.325969Z,2024-12-17T20:43:47Z,23.3,value,temperature
,,0,2024-12-17T20:38:11.325969Z,2024-12-17T20:53:11.325969Z,2024-12-17T20:43:48Z,23.3,value,temperature
,,0,2024-12-17T20:38:11.325969Z,2024-12-17T20:53:11.325969Z,2024-12-17T20:43:49Z,23.29,value,temperature
,,0,2024-12-17T20:38:11.325969Z,2024-12-17T20:53:11.325969Z,2024-12-17T20:43:50Z,23.28,value,temperature
,,0,2024-12-17T20:38:11.325969Z,2024-12-17T20:53:11.325969Z,2024-12-17T20:43:51Z,23.28,value,temperature
,,0,2024-12-17T20:38:11.325969Z,2024-12-17T20:53:11.325969Z,2024-12-17T20:43:52Z,23.27,value,temperature
,,0,2024-12-17T20:38:11.325969Z,2024-12-17T20:53:11.325969Z,2024-12-17T20:43:53Z,23.26,value,temperature
,,0,2024-12-17T20:38:11.325969Z,2024-12-17T20:53:11.325969Z,2024-12-17T20:43:54Z,23.26,value,temperature
,,0,2024-12-17T20:38:11.325969Z,2024-12-17T20:53:11.325969Z,2024-12-17T20:43:55Z,23.25,value,temperature
,,0,2024-12-17T20:38:11.325969Z,2024-12-17T20:53:11.325969Z,2024-12-17T20:43:56Z,23.24,value,temperature
,,0,2024-12-17T20:38:11.325969Z,2024-12-17T20:53:11.325969Z,2024-12-17T20:43:57Z,23.23,value,temperature
,,0,2024-12-17T20:38:11.325969Z,2024-12-17T20:53:11.325969Z,2024-12-17T20:43:58Z,23.22,value,temperature
,,0,2024-12-17T20:38:11.325969Z,2024-12-17T20:53:11.325969Z,2024-12-17T20:43:59Z,23.21,value,temperature
,,0,2024-12-17T20:38:11.325969Z,2024-12-17T20:53:11.325969Z,2024-12-17T20:44:00Z,23.21,value,temperature
,,0,2024-12-17T20:38:11.325969Z,2024-12-17T20:53:11.325969Z,2024-12-17T20:44:01Z,23.2,value,temperature
,,0,2024-12-17T20:38:11.325969Z,2024-12-17T20:53:11.325969Z,2024-12-17T20:44:02Z,23.19,value,temperature
,,0,2024-12-17T20:38:11.325969Z,2024-12-17T20:53:11.325969Z,2024-12-17T20:44:03Z,23.19,value,temperature
,,0,2024-12-17T20:38:11.325969Z,2024-12-17T20:53:11.325969Z,2024-12-17T20:44:04Z,23.18,value,temperature
,,0,2024-12-17T20:38:11.325969Z,2024-12-17T20:53:11.325969Z,2024-12-17T20:44:05Z,23.17,value,temperature
,,0,2024-12-17T20:38:11.325969Z,2024-12-17T20:53:11.325969Z,2024-12-17T20:44:06Z,23.16,value,temperature
,,0,2024-12-17T20:38:11.325969Z,2024-12-17T20:53:11.325969Z,2024-12-17T20:44:07Z,23.15,value,temperature
,,0,2024-12-17T20:38:11.325969Z,2024-12-17T20:53:11.325969Z,2024-12-17T20:44:08Z,23.15,value,temperature
,,0,2024-12-17T20:38:11.325969Z,2024-12-17T20:53:11.325969Z,2024-12-17T20:44:09Z,23.14,value,temperature
,,0,2024-12-17T20:38:11.325969Z,2024-12-17T20:53:11.325969Z,2024-12-17T20:44:10Z,23.13,value,temperature
,,0,2024-12-17T20:38:11.325969Z,2024-12-17T20:53:11.325969Z,2024-12-17T20:44:11Z,23.12,value,temperature
,,0,2024-12-17T20:38:11.325969Z,2024-12-17T20:53:11.325969Z,2024-12-17T20:44:12Z,23.12,value,temperature
,,0,2024-12-17T20:38:11.325969Z,2024-12-17T20:53:11.325969Z,2024-12-17T20:44:14Z,23.11,value,temperature
,,0,2024-12-17T20:38:11.325969Z,2024-12-17T20:53:11.325969Z,2024-12-17T20:44:15Z,23.11,value,temperature
,,0,2024-12-17T20:38:11.325969Z,2024-12-17T20:53:11.325969Z,2024-12-17T20:44:16Z,23.1,value,temperature
,,0,2024-12-17T20:38:11.325969Z,2024-12-17T20:53:11.325969Z,2024-12-17T20:44:17Z,23.09,value,temperature
,,0,2024-12-17T20:38:11.325969Z,2024-12-17T20:53:11.325969Z,2024-12-17T20:44:18Z,23.09,value,temperature
,,0,2024-12-17T20:38:11.325969Z,2024-12-17T20:53:11.325969Z,2024-12-17T20:44:19Z,23.08,value,temperature
,,0,2024-12-17T20:38:11.325969Z,2024-12-17T20:53:11.325969Z,2024-12-17T20:44:20Z,23.08,value,temperature
,,0,2024-12-17T20:38:11.325969Z,2024-12-17T20:53:11.325969Z,2024-12-17T20:44:21Z,23.07,value,temperature
,,0,2024-12-17T20:38:11.325969Z,2024-12-17T20:53:11.325969Z,2024-12-17T20:44:22Z,23.06,value,temperature
,,0,2024-12-17T20:38:11.325969Z,2024-12-17T20:53:11.325969Z,2024-12-17T20:44:23Z,23.06,value,temperature
,,0,2024-12-17T20:38:11.325969Z,2024-12-17T20:53:11.325969Z,2024-12-17T20:44:24Z,23.06,value,temperature
,,0,2024-12-17T20:38:11.325969Z,2024-12-17T20:53:11.325969Z,2024-12-17T20:44:25Z,23.05,value,temperature
,,0,2024-12-17T20:38:11.325969Z,2024-12-17T20:53:11.325969Z,2024-12-17T20:44:26Z,23.05,value,temperature
,,0,2024-12-17T20:38:11.325969Z,2024-12-17T20:53:11.325969Z,2024-12-17T20:44:27Z,23.04,value,temperature
,,0,2024-12-17T20:38:11.325969Z,2024-12-17T20:53:11.325969Z,2024-12-17T20:44:28Z,23.04,value,temperature
,,0,2024-12-17T20:38:11.325969Z,2024-12-17T20:53:11.325969Z,2024-12-17T20:44:29Z,23.03,value,temperature
,,0,2024-12-17T20:38:11.325969Z,2024-12-17T20:53:11.325969Z,2024-12-17T20:44:30Z,23.03,value,temperature
,,0,2024-12-17T20:38:11.325969Z,2024-12-17T20:53:11.325969Z,2024-12-17T20:44:31Z,23.03,value,temperature
,,0,2024-12-17T20:38:11.325969Z,2024-12-17T20:53:11.325969Z,2024-12-17T20:44:32Z,23.02,value,temperature
,,0,2024-12-17T20:38:11.325969Z,2024-12-17T20:53:11.325969Z,2024-12-17T20:44:33Z,23.02,value,temperature
,,0,2024-12-17T20:38:11.325969Z,2024-12-17T20:53:11.325969Z,2024-12-17T20:44:36Z,23.01,value,temperature
,,0,2024-12-17T20:38:11.325969Z,2024-12-17T20:53:11.325969Z,2024-12-17T20:44:37Z,23.01,value,temperature
,,0,2024-12-17T20:38:11.325969Z,2024-12-17T20:53:11.325969Z,2024-12-17T20:44:38Z,23,value,temperature
,,0,2024-12-17T20:38:11.325969Z,2024-12-17T20:53:11.325969Z,2024-12-17T20:44:39Z,23,value,temperature
,,0,2024-12-17T20:38:11.325969Z,2024-12-17T20:53:11.325969Z,2024-12-17T20:44:40Z,23,value,temperature
,,0,2024-12-17T20:38:11.325969Z,2024-12-17T20:53:11.325969Z,2024-12-17T20:44:43Z,22.99,value,temperature
,,0,2024-12-17T20:38:11.325969Z,2024-12-17T20:53:11.325969Z,2024-12-17T20:44:44Z,22.98,value,temperature
,,0,2024-12-17T20:38:11.325969Z,2024-12-17T20:53:11.325969Z,2024-12-17T20:44:45Z,22.98,value,temperature
,,0,2024-12-17T20:38:11.325969Z,2024-12-17T20:53:11.325969Z,2024-12-17T20:44:46Z,22.98,value,temperature
,,0,2024-12-17T20:38:11.325969Z,2024-12-17T20:53:11.325969Z,2024-12-17T20:44:47Z,22.97,value,temperature
,,0,2024-12-17T20:38:11.325969Z,2024-12-17T20:53:11.325969Z,2024-12-17T20:44:48Z,23,value,temperature
,,0,2024-12-17T20:38:11.325969Z,2024-12-17T20:53:11.325969Z,2024-12-17T20:44:49Z,22.99,value,temperature
,,0,2024-12-17T20:38:11.325969Z,2024-12-17T20:53:11.325969Z,2024-12-17T20:44:50Z,23,value,temperature
,,0,2024-12-17T20:38:11.325969Z,2024-12-17T20:53:11.325969Z,2024-12-17T20:44:51Z,23.01,value,temperature
,,0,2024-12-17T20:38:11.325969Z,2024-12-17T20:53:11.325969Z,2024-12-17T20:44:52Z,23.01,value,temperature
,,0,2024-12-17T20:38:11.325969Z,2024-12-17T20:53:11.325969Z,2024-12-17T20:44:53Z,23.01,value,temperature
,,0,2024-12-17T20:38:11.325969Z,2024-12-17T20:53:11.325969Z,2024-12-17T20:44:54Z,23.02,value,temperature
,,0,2024-12-17T20:38:11.325969Z,2024-12-17T20:53:11.325969Z,2024-12-17T20:44:55Z,23.02,value,temperature
,,0,2024-12-17T20:38:11.325969Z,2024-12-17T20:53:11.325969Z,2024-12-17T20:44:57Z,23.04,value,temperature
,,0,2024-12-17T20:38:11.325969Z,2024-12-17T20:53:11.325969Z,2024-12-17T20:44:58Z,23.05,value,temperature
,,0,2024-12-17T20:38:11.325969Z,2024-12-17T20:53:11.325969Z,2024-12-17T20:44:59Z,23.05,value,temperature
,,0,2024-12-17T20:38:11.325969Z,2024-12-17T20:53:11.325969Z,2024-12-17T20:45:00Z,23.06,value,temperature
,,0,2024-12-17T20:38:11.325969Z,2024-12-17T20:53:11.325969Z,2024-12-17T20:45:01Z,23.06,value,temperature
,,0,2024-12-17T20:38:11.325969Z,2024-12-17T20:53:11.325969Z,2024-12-17T20:45:02Z,23.06,value,temperature
,,0,2024-12-17T20:38:11.325969Z,2024-12-17T20:53:11.325969Z,2024-12-17T20:45:03Z,23.07,value,temperature
,,0,2024-12-17T20:38:11.325969Z,2024-12-17T20:53:11.325969Z,2024-12-17T20:45:04Z,23.08,value,temperature
,,0,2024-12-17T20:38:11.325969Z,2024-12-17T20:53:11.325969Z,2024-12-17T20:45:05Z,23.08,value,temperature
,,0,2024-12-17T20:38:11.325969Z,2024-12-17T20:53:11.325969Z,2024-12-17T20:45:06Z,23.05,value,temperature
,,0,2024-12-17T20:38:11.325969Z,2024-12-17T20:53:11.325969Z,2024-12-17T20:45:07Z,22.89,value,temperature
,,0,2024-12-17T20:38:11.325969Z,2024-12-17T20:53:11.325969Z,2024-12-17T20:45:08Z,22.38,value,temperature
,,0,2024-12-17T20:38:11.325969Z,2024-12-17T20:53:11.325969Z,2024-12-17T20:45:09Z,21.85,value,temperature
,,0,2024-12-17T20:38:11.325969Z,2024-12-17T20:53:11.325969Z,2024-12-17T20:45:10Z,21.34,value,temperature
,,0,2024-12-17T20:38:11.325969Z,2024-12-17T20:53:11.325969Z,2024-12-17T20:45:11Z,20.74,value,temperature
,,0,2024-12-17T20:38:11.325969Z,2024-12-17T20:53:11.325969Z,2024-12-17T20:45:12Z,20.15,value,temperature
,,0,2024-12-17T20:38:11.325969Z,2024-12-17T20:53:11.325969Z,2024-12-17T20:45:13Z,19.58,value,temperature
,,0,2024-12-17T20:38:11.325969Z,2024-12-17T20:53:11.325969Z,2024-12-17T20:45:14Z,19.35,value,temperature
,,0,2024-12-17T20:38:11.325969Z,2024-12-17T20:53:11.325969Z,2024-12-17T20:45:15Z,19.05,value,temperature
,,0,2024-12-17T20:38:11.325969Z,2024-12-17T20:53:11.325969Z,2024-12-17T20:45:16Z,18.76,value,temperature
,,0,2024-12-17T20:38:11.325969Z,2024-12-17T20:53:11.325969Z,2024-12-17T20:45:17Z,18.48,value,temperature
,,0,2024-12-17T20:38:11.325969Z,2024-12-17T20:53:11.325969Z,2024-12-17T20:45:18Z,18.09,value,temperature
,,0,2024-12-17T20:38:11.325969Z,2024-12-17T20:53:11.325969Z,2024-12-17T20:45:19Z,17.73,value,temperature
,,0,2024-12-17T20:38:11.325969Z,2024-12-17T20:53:11.325969Z,2024-12-17T20:45:20Z,17.43,value,temperature
,,0,2024-12-17T20:38:11.325969Z,2024-12-17T20:53:11.325969Z,2024-12-17T20:45:21Z,16.93,value,temperature
,,0,2024-12-17T20:38:11.325969Z,2024-12-17T20:53:11.325969Z,2024-12-17T20:45:22Z,16.57,value,temperature
,,0,2024-12-17T20:38:11.325969Z,2024-12-17T20:53:11.325969Z,2024-12-17T20:45:23Z,16.16,value,temperature
,,0,2024-12-17T20:38:11.325969Z,2024-12-17T20:53:11.325969Z,2024-12-17T20:45:24Z,15.78,value,temperature
,,0,2024-12-17T20:38:11.325969Z,2024-12-17T20:53:11.325969Z,2024-12-17T20:45:25Z,15.36,value,temperature
,,0,2024-12-17T20:38:11.325969Z,2024-12-17T20:53:11.325969Z,2024-12-17T20:45:26Z,15.03,value,temperature
,,0,2024-12-17T20:38:11.325969Z,2024-12-17T20:53:11.325969Z,2024-12-17T20:45:27Z,14.79,value,temperature
,,0,2024-12-17T20:38:11.325969Z,2024-12-17T20:53:11.325969Z,2024-12-17T20:45:28Z,14.64,value,temperature
,,0,2024-12-17T20:38:11.325969Z,2024-12-17T20:53:11.325969Z,2024-12-17T20:45:29Z,14.43,value,temperature
,,0,2024-12-17T20:38:11.325969Z,2024-12-17T20:53:11.325969Z,2024-12-17T20:45:30Z,14.14,value,temperature
,,0,2024-12-17T20:38:11.325969Z,2024-12-17T20:53:11.325969Z,2024-12-17T20:45:31Z,13.81,value,temperature
,,0,2024-12-17T20:38:11.325969Z,2024-12-17T20:53:11.325969Z,2024-12-17T20:45:32Z,13.55,value,temperature
,,0,2024-12-17T20:38:11.325969Z,2024-12-17T20:53:11.325969Z,2024-12-17T20:45:33Z,13.41,value,temperature
,,0,2024-12-17T20:38:11.325969Z,2024-12-17T20:53:11.325969Z,2024-12-17T20:45:34Z,13.17,value,temperature
,,0,2024-12-17T20:38:11.325969Z,2024-12-17T20:53:11.325969Z,2024-12-17T20:45:35Z,12.97,value,temperature
,,0,2024-12-17T20:38:11.325969Z,2024-12-17T20:53:11.325969Z,2024-12-17T20:45:36Z,12.76,value,temperature
,,0,2024-12-17T20:38:11.325969Z,2024-12-17T20:53:11.325969Z,2024-12-17T20:45:37Z,12.58,value,temperature
,,0,2024-12-17T20:38:11.325969Z,2024-12-17T20:53:11.325969Z,2024-12-17T20:45:39Z,12.32,value,temperature
,,0,2024-12-17T20:38:11.325969Z,2024-12-17T20:53:11.325969Z,2024-12-17T20:45:40Z,12.12,value,temperature
,,0,2024-12-17T20:38:11.325969Z,2024-12-17T20:53:11.325969Z,2024-12-17T20:45:41Z,11.93,value,temperature
,,0,2024-12-17T20:38:11.325969Z,2024-12-17T20:53:11.325969Z,2024-12-17T20:45:42Z,11.76,value,temperature
,,0,2024-12-17T20:38:11.325969Z,2024-12-17T20:53:11.325969Z,2024-12-17T20:45:43Z,11.61,value,temperature
,,0,2024-12-17T20:38:11.325969Z,2024-12-17T20:53:11.325969Z,2024-12-17T20:45:44Z,11.43,value,temperature
,,0,2024-12-17T20:38:11.325969Z,2024-12-17T20:53:11.325969Z,2024-12-17T20:45:45Z,11.23,value,temperature
,,0,2024-12-17T20:38:11.325969Z,2024-12-17T20:53:11.325969Z,2024-12-17T20:45:46Z,11.09,value,temperature
,,0,2024-12-17T20:38:11.325969Z,2024-12-17T20:53:11.325969Z,2024-12-17T20:45:47Z,10.98,value,temperature
,,0,2024-12-17T20:38:11.325969Z,2024-12-17T20:53:11.325969Z,2024-12-17T20:45:48Z,10.98,value,temperature
,,0,2024-12-17T20:38:11.325969Z,2024-12-17T20:53:11.325969Z,2024-12-17T20:45:49Z,11.06,value,temperature
,,0,2024-12-17T20:38:11.325969Z,2024-12-17T20:53:11.325969Z,2024-12-17T20:45:50Z,11.14,value,temperature
,,0,2024-12-17T20:38:11.325969Z,2024-12-17T20:53:11.325969Z,2024-12-17T20:45:51Z,11.07,value,temperature
,,0,2024-12-17T20:38:11.325969Z,2024-12-17T20:53:11.325969Z,2024-12-17T20:45:52Z,11.13,value,temperature
,,0,2024-12-17T20:38:11.325969Z,2024-12-17T20:53:11.325969Z,2024-12-17T20:45:53Z,11.17,value,temperature
,,0,2024-12-17T20:38:11.325969Z,2024-12-17T20:53:11.325969Z,2024-12-17T20:45:54Z,11.21,value,temperature
,,0,2024-12-17T20:38:11.325969Z,2024-12-17T20:53:11.325969Z,2024-12-17T20:45:55Z,11.23,value,temperature
,,0,2024-12-17T20:38:11.325969Z,2024-12-17T20:53:11.325969Z,2024-12-17T20:45:56Z,11.85,value,temperature
,,0,2024-12-17T20:38:11.325969Z,2024-12-17T20:53:11.325969Z,2024-12-17T20:45:57Z,11.75,value,temperature
,,0,2024-12-17T20:38:11.325969Z,2024-12-17T20:53:11.325969Z,2024-12-17T20:45:58Z,11.85,value,temperature
,,0,2024-12-17T20:38:11.325969Z,2024-12-17T20:53:11.325969Z,2024-12-17T20:45:59Z,11.96,value,temperature
,,0,2024-12-17T20:38:11.325969Z,2024-12-17T20:53:11.325969Z,2024-12-17T20:46:00Z,12.05,value,temperature
,,0,2024-12-17T20:38:11.325969Z,2024-12-17T20:53:11.325969Z,2024-12-17T20:46:01Z,12.19,value,temperature
,,0,2024-12-17T20:38:11.325969Z,2024-12-17T20:53:11.325969Z,2024-12-17T20:46:02Z,12.31,value,temperature
,,0,2024-12-17T20:38:11.325969Z,2024-12-17T20:53:11.325969Z,2024-12-17T20:46:03Z,12.47,value,temperature
,,0,2024-12-17T20:38:11.325969Z,2024-12-17T20:53:11.325969Z,2024-12-17T20:46:04Z,12.65,value,temperature
,,0,2024-12-17T20:38:11.325969Z,2024-12-17T20:53:11.325969Z,2024-12-17T20:46:05Z,12.81,value,temperature
,,0,2024-12-17T20:38:11.325969Z,2024-12-17T20:53:11.325969Z,2024-12-17T20:46:06Z,12.95,value,temperature
,,0,2024-12-17T20:38:11.325969Z,2024-12-17T20:53:11.325969Z,2024-12-17T20:46:07Z,13.14,value,temperature
,,0,2024-12-17T20:38:11.325969Z,2024-12-17T20:53:11.325969Z,2024-12-17T20:46:08Z,13.43,value,temperature
,,0,2024-12-17T20:38:11.325969Z,2024-12-17T20:53:11.325969Z,2024-12-17T20:46:11Z,13.813333333333334,value,temperature
,,0,2024-12-17T20:38:11.325969Z,2024-12-17T20:53:11.325969Z,2024-12-17T20:46:12Z,14.28,value,temperature
,,0,2024-12-17T20:38:11.325969Z,2024-12-17T20:53:11.325969Z,2024-12-17T20:46:13Z,15.09,value,temperature
,,0,2024-12-17T20:38:11.325969Z,2024-12-17T20:53:11.325969Z,2024-12-17T20:46:14Z,15.36,value,temperature
,,0,2024-12-17T20:38:11.325969Z,2024-12-17T20:53:11.325969Z,2024-12-17T20:46:15Z,15.7,value,temperature
,,0,2024-12-17T20:38:11.325969Z,2024-12-17T20:53:11.325969Z,2024-12-17T20:46:16Z,16.25,value,temperature
,,0,2024-12-17T20:38:11.325969Z,2024-12-17T20:53:11.325969Z,2024-12-17T20:46:17Z,16.76,value,temperature
,,0,2024-12-17T20:38:11.325969Z,2024-12-17T20:53:11.325969Z,2024-12-17T20:46:18Z,17.11,value,temperature
,,0,2024-12-17T20:38:11.325969Z,2024-12-17T20:53:11.325969Z,2024-12-17T20:46:19Z,17.46,value,temperature
,,0,2024-12-17T20:38:11.325969Z,2024-12-17T20:53:11.325969Z,2024-12-17T20:46:21Z,17.74,value,temperature
,,0,2024-12-17T20:38:11.325969Z,2024-12-17T20:53:11.325969Z,2024-12-17T20:46:22Z,18.01,value,temperature
,,0,2024-12-17T20:38:11.325969Z,2024-12-17T20:53:11.325969Z,2024-12-17T20:46:23Z,18.27,value,temperature
,,0,2024-12-17T20:38:11.325969Z,2024-12-17T20:53:11.325969Z,2024-12-17T20:46:24Z,18.54,value,temperature
,,0,2024-12-17T20:38:11.325969Z,2024-12-17T20:53:11.325969Z,2024-12-17T20:46:25Z,18.81,value,temperature
,,0,2024-12-17T20:38:11.325969Z,2024-12-17T20:53:11.325969Z,2024-12-17T20:46:26Z,19.08,value,temperature
,,0,2024-12-17T20:38:11.325969Z,2024-12-17T20:53:11.325969Z,2024-12-17T20:46:27Z,19.33,value,temperature
,,0,2024-12-17T20:38:11.325969Z,2024-12-17T20:53:11.325969Z,2024-12-17T20:46:28Z,19.61,value,temperature
,,0,2024-12-17T20:38:11.325969Z,2024-12-17T20:53:11.325969Z,2024-12-17T20:46:29Z,19.84,value,temperature
,,0,2024-12-17T20:38:11.325969Z,2024-12-17T20:53:11.325969Z,2024-12-17T20:46:30Z,20.1,value,temperature
,,0,2024-12-17T20:38:11.325969Z,2024-12-17T20:53:11.325969Z,2024-12-17T20:46:31Z,20.33,value,temperature
,,0,2024-12-17T20:38:11.325969Z,2024-12-17T20:53:11.325969Z,2024-12-17T20:46:32Z,20.6,value,temperature
,,0,2024-12-17T20:38:11.325969Z,2024-12-17T20:53:11.325969Z,2024-12-17T20:46:33Z,20.84,value,temperature
,,0,2024-12-17T20:38:11.325969Z,2024-12-17T20:53:11.325969Z,2024-12-17T20:46:34Z,21.15,value,temperature
,,0,2024-12-17T20:38:11.325969Z,2024-12-17T20:53:11.325969Z,2024-12-17T20:46:35Z,21.41,value,temperature
,,0,2024-12-17T20:38:11.325969Z,2024-12-17T20:53:11.325969Z,2024-12-17T20:46:36Z,21.65,value,temperature
,,0,2024-12-17T20:38:11.325969Z,2024-12-17T20:53:11.325969Z,2024-12-17T20:46:37Z,21.88,value,temperature
,,0,2024-12-17T20:38:11.325969Z,2024-12-17T20:53:11.325969Z,2024-12-17T20:46:38Z,22.12,value,temperature
,,0,2024-12-17T20:38:11.325969Z,2024-12-17T20:53:11.325969Z,2024-12-17T20:46:39Z,22.33,value,temperature
,,0,2024-12-17T20:38:11.325969Z,2024-12-17T20:53:11.325969Z,2024-12-17T20:46:40Z,22.54,value,temperature
,,0,2024-12-17T20:38:11.325969Z,2024-12-17T20:53:11.325969Z,2024-12-17T20:46:41Z,22.75,value,temperature
,,0,2024-12-17T20:38:11.325969Z,2024-12-17T20:53:11.325969Z,2024-12-17T20:46:42Z,22.94,value,temperature
,,0,2024-12-17T20:38:11.325969Z,2024-12-17T20:53:11.325969Z,2024-12-17T20:46:43Z,23.17,value,temperature
,,0,2024-12-17T20:38:11.325969Z,2024-12-17T20:53:11.325969Z,2024-12-17T20:46:44Z,23.39,value,temperature
,,0,2024-12-17T20:38:11.325969Z,2024-12-17T20:53:11.325969Z,2024-12-17T20:46:45Z,23.61,value,temperature
,,0,2024-12-17T20:38:11.325969Z,2024-12-17T20:53:11.325969Z,2024-12-17T20:46:46Z,23.78,value,temperature
,,0,2024-12-17T20:38:11.325969Z,2024-12-17T20:53:11.325969Z,2024-12-17T20:46:47Z,23.99,value,temperature
,,0,2024-12-17T20:38:11.325969Z,2024-12-17T20:53:11.325969Z,2024-12-17T20:46:48Z,24.2,value,temperature
,,0,2024-12-17T20:38:11.325969Z,2024-12-17T20:53:11.325969Z,2024-12-17T20:46:49Z,24.4,value,temperature
,,0,2024-12-17T20:38:11.325969Z,2024-12-17T20:53:11.325969Z,2024-12-17T20:46:50Z,24.6,value,temperature
,,0,2024-12-17T20:38:11.325969Z,2024-12-17T20:53:11.325969Z,2024-12-17T20:46:51Z,24.81,value,temperature
,,0,2024-12-17T20:38:11.325969Z,2024-12-17T20:53:11.325969Z,2024-12-17T20:46:52Z,24.99,value,temperature
,,0,2024-12-17T20:38:11.325969Z,2024-12-17T20:53:11.325969Z,2024-12-17T20:46:53Z,25.18,value,temperature
,,0,2024-12-17T20:38:11.325969Z,2024-12-17T20:53:11.325969Z,2024-12-17T20:46:54Z,25.38,value,temperature
,,0,2024-12-17T20:38:11.325969Z,2024-12-17T20:53:11.325969Z,2024-12-17T20:46:55Z,25.54,value,temperature
,,0,2024-12-17T20:38:11.325969Z,2024-12-17T20:53:11.325969Z,2024-12-17T20:46:56Z,25.73,value,temperature
,,0,2024-12-17T20:38:11.325969Z,2024-12-17T20:53:11.325969Z,2024-12-17T20:46:57Z,26.04,value,temperature
,,0,2024-12-17T20:38:11.325969Z,2024-12-17T20:53:11.325969Z,2024-12-17T20:46:58Z,26.21,value,temperature
,,0,2024-12-17T20:38:11.325969Z,2024-12-17T20:53:11.325969Z,2024-12-17T20:46:59Z,26.37,value,temperature
,,0,2024-12-17T20:38:11.325969Z,2024-12-17T20:53:11.325969Z,2024-12-17T20:47:00Z,26.43,value,temperature
,,0,2024-12-17T20:38:11.325969Z,2024-12-17T20:53:11.325969Z,2024-12-17T20:47:01Z,26.44,value,temperature
,,0,2024-12-17T20:38:11.325969Z,2024-12-17T20:53:11.325969Z,2024-12-17T20:47:02Z,26.4,value,temperature
,,0,2024-12-17T20:38:11.325969Z,2024-12-17T20:53:11.325969Z,2024-12-17T20:47:03Z,26.33,value,temperature
,,0,2024-12-17T20:38:11.325969Z,2024-12-17T20:53:11.325969Z,2024-12-17T20:47:04Z,26.28,value,temperature
,,0,2024-12-17T20:38:11.325969Z,2024-12-17T20:53:11.325969Z,2024-12-17T20:47:05Z,26.2,value,temperature
,,0,2024-12-17T20:38:11.325969Z,2024-12-17T20:53:11.325969Z,2024-12-17T20:47:06Z,26.12,value,temperature
,,0,2024-12-17T20:38:11.325969Z,2024-12-17T20:53:11.325969Z,2024-12-17T20:47:07Z,26.06,value,temperature
,,0,2024-12-17T20:38:11.325969Z,2024-12-17T20:53:11.325969Z,2024-12-17T20:47:08Z,25.99,value,temperature
,,0,2024-12-17T20:38:11.325969Z,2024-12-17T20:53:11.325969Z,2024-12-17T20:47:09Z,25.93,value,temperature
,,0,2024-12-17T20:38:11.325969Z,2024-12-17T20:53:11.325969Z,2024-12-17T20:47:10Z,25.86,value,temperature
,,0,2024-12-17T20:38:11.325969Z,2024-12-17T20:53:11.325969Z,2024-12-17T20:47:11Z,25.81,value,temperature
,,0,2024-12-17T20:38:11.325969Z,2024-12-17T20:53:11.325969Z,2024-12-17T20:47:12Z,25.75,value,temperature
,,0,2024-12-17T20:38:11.325969Z,2024-12-17T20:53:11.325969Z,2024-12-17T20:47:13Z,25.72,value,temperature
,,0,2024-12-17T20:38:11.325969Z,2024-12-17T20:53:11.325969Z,2024-12-17T20:47:14Z,25.66,value,temperature
,,0,2024-12-17T20:38:11.325969Z,2024-12-17T20:53:11.325969Z,2024-12-17T20:47:15Z,25.65,value,temperature
,,0,2024-12-17T20:38:11.325969Z,2024-12-17T20:53:11.325969Z,2024-12-17T20:47:17Z,25.625,value,temperature
,,0,2024-12-17T20:38:11.325969Z,2024-12-17T20:53:11.325969Z,2024-12-17T20:47:18Z,25.61,value,temperature
,,0,2024-12-17T20:38:11.325969Z,2024-12-17T20:53:11.325969Z,2024-12-17T20:47:21Z,25.555,value,temperature
,,0,2024-12-17T20:38:11.325969Z,2024-12-17T20:53:11.325969Z,2024-12-17T20:47:22Z,25.52,value,temperature
,,0,2024-12-17T20:38:11.325969Z,2024-12-17T20:53:11.325969Z,2024-12-17T20:47:23Z,25.49,value,temperature
,,0,2024-12-17T20:38:11.325969Z,2024-12-17T20:53:11.325969Z,2024-12-17T20:47:24Z,25.45,value,temperature
,,0,2024-12-17T20:38:11.325969Z,2024-12-17T20:53:11.325969Z,2024-12-17T20:47:25Z,25.44,value,temperature
,,0,2024-12-17T20:38:11.325969Z,2024-12-17T20:53:11.325969Z,2024-12-17T20:47:26Z,25.41,value,temperature
,,0,2024-12-17T20:38:11.325969Z,2024-12-17T20:53:11.325969Z,2024-12-17T20:47:27Z,25.37,value,temperature
,,0,2024-12-17T20:38:11.325969Z,2024-12-17T20:53:11.325969Z,2024-12-17T20:47:28Z,25.33,value,temperature
,,0,2024-12-17T20:38:11.325969Z,2024-12-17T20:53:11.325969Z,2024-12-17T20:47:29Z,25.31,value,temperature
,,0,2024-12-17T20:38:11.325969Z,2024-12-17T20:53:11.325969Z,2024-12-17T20:47:30Z,25.29,value,temperature
,,0,2024-12-17T20:38:11.325969Z,2024-12-17T20:53:11.325969Z,2024-12-17T20:47:31Z,25.28,value,temperature
,,0,2024-12-17T20:38:11.325969Z,2024-12-17T20:53:11.325969Z,2024-12-17T20:47:32Z,25.26,value,temperature
,,0,2024-12-17T20:38:11.325969Z,2024-12-17T20:53:11.325969Z,2024-12-17T20:47:33Z,25.23,value,temperature
,,0,2024-12-17T20:38:11.325969Z,2024-12-17T20:53:11.325969Z,2024-12-17T20:47:34Z,25.2,value,temperature
,,0,2024-12-17T20:38:11.325969Z,2024-12-17T20:53:11.325969Z,2024-12-17T20:47:35Z,25.18,value,temperature
,,0,2024-12-17T20:38:11.325969Z,2024-12-17T20:53:11.325969Z,2024-12-17T20:47:36Z,25.16,value,temperature
,,0,2024-12-17T20:38:11.325969Z,2024-12-17T20:53:11.325969Z,2024-12-17T20:47:37Z,25.12,value,temperature
,,0,2024-12-17T20:38:11.325969Z,2024-12-17T20:53:11.325969Z,2024-12-17T20:47:38Z,25.06,value,temperature
,,0,2024-12-17T20:38:11.325969Z,2024-12-17T20:53:11.325969Z,2024-12-17T20:47:39Z,25.01,value,temperature
,,0,2024-12-17T20:38:11.325969Z,2024-12-17T20:53:11.325969Z,2024-12-17T20:47:40Z,24.98,value,temperature
,,0,2024-12-17T20:38:11.325969Z,2024-12-17T20:53:11.325969Z,2024-12-17T20:47:41Z,24.94,value,temperature
,,0,2024-12-17T20:38:11.325969Z,2024-12-17T20:53:11.325969Z,2024-12-17T20:47:42Z,24.9,value,temperature
,,0,2024-12-17T20:38:11.325969Z,2024-12-17T20:53:11.325969Z,2024-12-17T20:47:43Z,24.86,value,temperature
,,0,2024-12-17T20:38:11.325969Z,2024-12-17T20:53:11.325969Z,2024-12-17T20:47:44Z,24.82,value,temperature
,,0,2024-12-17T20:38:11.325969Z,2024-12-17T20:53:11.325969Z,2024-12-17T20:47:45Z,24.8,value,temperature
,,0,2024-12-17T20:38:11.325969Z,2024-12-17T20:53:11.325969Z,2024-12-17T20:47:46Z,24.78,value,temperature
,,0,2024-12-17T20:38:11.325969Z,2024-12-17T20:53:11.325969Z,2024-12-17T20:47:47Z,24.76,value,temperature
,,0,2024-12-17T20:38:11.325969Z,2024-12-17T20:53:11.325969Z,2024-12-17T20:47:48Z,24.72,value,temperature
,,0,2024-12-17T20:38:11.325969Z,2024-12-17T20:53:11.325969Z,2024-12-17T20:47:49Z,24.7,value,temperature
,,0,2024-12-17T20:38:11.325969Z,2024-12-17T20:53:11.325969Z,2024-12-17T20:47:50Z,24.69,value,temperature
,,0,2024-12-17T20:38:11.325969Z,2024-12-17T20:53:11.325969Z,2024-12-17T20:47:51Z,24.67,value,temperature
,,0,2024-12-17T20:38:11.325969Z,2024-12-17T20:53:11.325969Z,2024-12-17T20:47:52Z,24.65,value,temperature
,,0,2024-12-17T20:38:11.325969Z,2024-12-17T20:53:11.325969Z,2024-12-17T20:47:53Z,24.63,value,temperature
,,0,2024-12-17T20:38:11.325969Z,2024-12-17T20:53:11.325969Z,2024-12-17T20:47:54Z,24.61,value,temperature
,,0,2024-12-17T20:38:11.325969Z,2024-12-17T20:53:11.325969Z,2024-12-17T20:47:55Z,24.6,value,temperature
,,0,2024-12-17T20:38:11.325969Z,2024-12-17T20:53:11.325969Z,2024-12-17T20:47:56Z,24.58,value,temperature
,,0,2024-12-17T20:38:11.325969Z,2024-12-17T20:53:11.325969Z,2024-12-17T20:47:57Z,24.56,value,temperature
,,0,2024-12-17T20:38:11.325969Z,2024-12-17T20:53:11.325969Z,2024-12-17T20:47:58Z,24.54,value,temperature
,,0,2024-12-17T20:38:11.325969Z,2024-12-17T20:53:11.325969Z,2024-12-17T20:47:59Z,24.52,value,temperature
,,0,2024-12-17T20:38:11.325969Z,2024-12-17T20:53:11.325969Z,2024-12-17T20:48:01Z,24.479999999999997,value,temperature
,,0,2024-12-17T20:38:11.325969Z,2024-12-17T20:53:11.325969Z,2024-12-17T20:48:02Z,24.44,value,temperature
,,0,2024-12-17T20:38:11.325969Z,2024-12-17T20:53:11.325969Z,2024-12-17T20:48:03Z,24.43,value,temperature
,,0,2024-12-17T20:38:11.325969Z,2024-12-17T20:53:11.325969Z,2024-12-17T20:48:05Z,24.41,value,temperature
,,0,2024-12-17T20:38:11.325969Z,2024-12-17T20:53:11.325969Z,2024-12-17T20:48:06Z,24.39,value,temperature
,,0,2024-12-17T20:38:11.325969Z,2024-12-17T20:53:11.325969Z,2024-12-17T20:48:07Z,24.36,value,temperature
,,0,2024-12-17T20:38:11.325969Z,2024-12-17T20:53:11.325969Z,2024-12-17T20:48:08Z,24.34,value,temperature
,,0,2024-12-17T20:38:11.325969Z,2024-12-17T20:53:11.325969Z,2024-12-17T20:48:09Z,24.31,value,temperature
,,0,2024-12-17T20:38:11.325969Z,2024-12-17T20:53:11.325969Z,2024-12-17T20:48:10Z,24.29,value,temperature
,,0,2024-12-17T20:38:11.325969Z,2024-12-17T20:53:11.325969Z,2024-12-17T20:48:11Z,24.26,value,temperature
,,0,2024-12-17T20:38:11.325969Z,2024-12-17T20:53:11.325969Z,2024-12-17T20:48:12Z,24.23,value,temperature
,,0,2024-12-17T20:38:11.325969Z,2024-12-17T20:53:11.325969Z,2024-12-17T20:48:13Z,24.21,value,temperature
,,0,2024-12-17T20:38:11.325969Z,2024-12-17T20:53:11.325969Z,2024-12-17T20:48:14Z,24.18,value,temperature
,,0,2024-12-17T20:38:11.325969Z,2024-12-17T20:53:11.325969Z,2024-12-17T20:48:15Z,24.15,value,temperature
,,0,2024-12-17T20:38:11.325969Z,2024-12-17T20:53:11.325969Z,2024-12-17T20:48:16Z,24.14,value,temperature
,,0,2024-12-17T20:38:11.325969Z,2024-12-17T20:53:11.325969Z,2024-12-17T20:48:17Z,24.11,value,temperature
,,0,2024-12-17T20:38:11.325969Z,2024-12-17T20:53:11.325969Z,2024-12-17T20:48:18Z,24.09,value,temperature
,,0,2024-12-17T20:38:11.325969Z,2024-12-17T20:53:11.325969Z,2024-12-17T20:48:19Z,24.07,value,temperature
,,0,2024-12-17T20:38:11.325969Z,2024-12-17T20:53:11.325969Z,2024-12-17T20:48:20Z,24.05,value,temperature
,,0,2024-12-17T20:38:11.325969Z,2024-12-17T20:53:11.325969Z,2024-12-17T20:48:21Z,24.04,value,temperature
,,0,2024-12-17T20:38:11.325969Z,2024-12-17T20:53:11.325969Z,2024-12-17T20:48:22Z,24.02,value,temperature
,,0,2024-12-17T20:38:11.325969Z,2024-12-17T20:53:11.325969Z,2024-12-17T20:48:23Z,24,value,temperature
,,0,2024-12-17T20:38:11.325969Z,2024-12-17T20:53:11.325969Z,2024-12-17T20:48:24Z,23.99,value,temperature
,,0,2024-12-17T20:38:11.325969Z,2024-12-17T20:53:11.325969Z,2024-12-17T20:48:25Z,23.97,value,temperature
,,0,2024-12-17T20:38:11.325969Z,2024-12-17T20:53:11.325969Z,2024-12-17T20:48:26Z,23.95,value,temperature
,,0,2024-12-17T20:38:11.325969Z,2024-12-17T20:53:11.325969Z,2024-12-17T20:48:27Z,23.94,value,temperature
,,0,2024-12-17T20:38:11.325969Z,2024-12-17T20:53:11.325969Z,2024-12-17T20:48:28Z,23.92,value,temperature
,,0,2024-12-17T20:38:11.325969Z,2024-12-17T20:53:11.325969Z,2024-12-17T20:48:29Z,23.9,value,temperature
,,0,2024-12-17T20:38:11.325969Z,2024-12-17T20:53:11.325969Z,2024-12-17T20:48:30Z,23.89,value,temperature
,,0,2024-12-17T20:38:11.325969Z,2024-12-17T20:53:11.325969Z,2024-12-17T20:48:31Z,23.87,value,temperature
,,0,2024-12-17T20:38:11.325969Z,2024-12-17T20:53:11.325969Z,2024-12-17T20:48:32Z,23.85,value,temperature
,,0,2024-12-17T20:38:11.325969Z,2024-12-17T20:53:11.325969Z,2024-12-17T20:48:33Z,23.83,value,temperature
,,0,2024-12-17T20:38:11.325969Z,2024-12-17T20:53:11.325969Z,2024-12-17T20:48:34Z,23.82,value,temperature
,,0,2024-12-17T20:38:11.325969Z,2024-12-17T20:53:11.325969Z,2024-12-17T20:48:35Z,23.8,value,temperature
,,0,2024-12-17T20:38:11.325969Z,2024-12-17T20:53:11.325969Z,2024-12-17T20:48:36Z,23.77,value,temperature
,,0,2024-12-17T20:38:11.325969Z,2024-12-17T20:53:11.325969Z,2024-12-17T20:48:37Z,23.76,value,temperature
,,0,2024-12-17T20:38:11.325969Z,2024-12-17T20:53:11.325969Z,2024-12-17T20:48:38Z,23.75,value,temperature
,,0,2024-12-17T20:38:11.325969Z,2024-12-17T20:53:11.325969Z,2024-12-17T20:48:39Z,23.74,value,temperature
,,0,2024-12-17T20:38:11.325969Z,2024-12-17T20:53:11.325969Z,2024-12-17T20:48:40Z,23.73,value,temperature
,,0,2024-12-17T20:38:11.325969Z,2024-12-17T20:53:11.325969Z,2024-12-17T20:48:41Z,23.72,value,temperature
,,0,2024-12-17T20:38:11.325969Z,2024-12-17T20:53:11.325969Z,2024-12-17T20:48:42Z,23.71,value,temperature
,,0,2024-12-17T20:38:11.325969Z,2024-12-17T20:53:11.325969Z,2024-12-17T20:48:43Z,23.69,value,temperature
,,0,2024-12-17T20:38:11.325969Z,2024-12-17T20:53:11.325969Z,2024-12-17T20:48:44Z,23.68,value,temperature
,,0,2024-12-17T20:38:11.325969Z,2024-12-17T20:53:11.325969Z,2024-12-17T20:48:46Z,23.67,value,temperature
,,0,2024-12-17T20:38:11.325969Z,2024-12-17T20:53:11.325969Z,2024-12-17T20:48:47Z,23.65,value,temperature
,,0,2024-12-17T20:38:11.325969Z,2024-12-17T20:53:11.325969Z,2024-12-17T20:48:48Z,23.64,value,temperature
,,0,2024-12-17T20:38:11.325969Z,2024-12-17T20:53:11.325969Z,2024-12-17T20:48:49Z,23.62,value,temperature
,,0,2024-12-17T20:38:11.325969Z,2024-12-17T20:53:11.325969Z,2024-12-17T20:48:50Z,23.61,value,temperature
,,0,2024-12-17T20:38:11.325969Z,2024-12-17T20:53:11.325969Z,2024-12-17T20:48:51Z,23.6,value,temperature
,,0,2024-12-17T20:38:11.325969Z,2024-12-17T20:53:11.325969Z,2024-12-17T20:48:52Z,23.58,value,temperature
,,0,2024-12-17T20:38:11.325969Z,2024-12-17T20:53:11.325969Z,2024-12-17T20:48:53Z,23.57,value,temperature
,,0,2024-12-17T20:38:11.325969Z,2024-12-17T20:53:11.325969Z,2024-12-17T20:48:54Z,23.56,value,temperature
,,0,2024-12-17T20:38:11.325969Z,2024-12-17T20:53:11.325969Z,2024-12-17T20:48:55Z,23.54,value,temperature
,,0,2024-12-17T20:38:11.325969Z,2024-12-17T20:53:11.325969Z,2024-12-17T20:48:56Z,23.52,value,temperature
,,0,2024-12-17T20:38:11.325969Z,2024-12-17T20:53:11.325969Z,2024-12-17T20:48:57Z,23.51,value,temperature
,,0,2024-12-17T20:38:11.325969Z,2024-12-17T20:53:11.325969Z,2024-12-17T20:48:58Z,23.49,value,temperature
,,0,2024-12-17T20:38:11.325969Z,2024-12-17T20:53:11.325969Z,2024-12-17T20:48:59Z,23.47,value,temperature
,,0,2024-12-17T20:38:11.325969Z,2024-12-17T20:53:11.325969Z,2024-12-17T20:49:00Z,23.45,value,temperature
,,0,2024-12-17T20:38:11.325969Z,2024-12-17T20:53:11.325969Z,2024-12-17T20:49:01Z,23.44,value,temperature
,,0,2024-12-17T20:38:11.325969Z,2024-12-17T20:53:11.325969Z,2024-12-17T20:49:02Z,23.43,value,temperature
,,0,2024-12-17T20:38:11.325969Z,2024-12-17T20:53:11.325969Z,2024-12-17T20:49:03Z,23.41,value,temperature
,,0,2024-12-17T20:38:11.325969Z,2024-12-17T20:53:11.325969Z,2024-12-17T20:49:04Z,23.41,value,temperature
,,0,2024-12-17T20:38:11.325969Z,2024-12-17T20:53:11.325969Z,2024-12-17T20:49:05Z,23.4,value,temperature
,,0,2024-12-17T20:38:11.325969Z,2024-12-17T20:53:11.325969Z,2024-12-17T20:49:06Z,23.39,value,temperature
,,0,2024-12-17T20:38:11.325969Z,2024-12-17T20:53:11.325969Z,2024-12-17T20:49:07Z,23.37,value,temperature
,,0,2024-12-17T20:38:11.325969Z,2024-12-17T20:53:11.325969Z,2024-12-17T20:49:08Z,23.36,value,temperature
,,0,2024-12-17T20:38:11.325969Z,2024-12-17T20:53:11.325969Z,2024-12-17T20:49:09Z,23.34,value,temperature
,,0,2024-12-17T20:38:11.325969Z,2024-12-17T20:53:11.325969Z,2024-12-17T20:49:10Z,23.33,value,temperature
,,0,2024-12-17T20:38:11.325969Z,2024-12-17T20:53:11.325969Z,2024-12-17T20:49:11Z,23.33,value,temperature
,,0,2024-12-17T20:38:11.325969Z,2024-12-17T20:53:11.325969Z,2024-12-17T20:49:12Z,23.31,value,temperature
,,0,2024-12-17T20:38:11.325969Z,2024-12-17T20:53:11.325969Z,2024-12-17T20:49:13Z,23.3,value,temperature
,,0,2024-12-17T20:38:11.325969Z,2024-12-17T20:53:11.325969Z,2024-12-17T20:49:14Z,23.29,value,temperature
,,0,2024-12-17T20:38:11.325969Z,2024-12-17T20:53:11.325969Z,2024-12-17T20:49:15Z,23.28,value,temperature
,,0,2024-12-17T20:38:11.325969Z,2024-12-17T20:53:11.325969Z,2024-12-17T20:49:16Z,23.27,value,temperature
,,0,2024-12-17T20:38:11.325969Z,2024-12-17T20:53:11.325969Z,2024-12-17T20:49:17Z,23.27,value,temperature
,,0,2024-12-17T20:38:11.325969Z,2024-12-17T20:53:11.325969Z,2024-12-17T20:49:18Z,23.25,value,temperature
,,0,2024-12-17T20:38:11.325969Z,2024-12-17T20:53:11.325969Z,2024-12-17T20:49:19Z,23.24,value,temperature
,,0,2024-12-17T20:38:11.325969Z,2024-12-17T20:53:11.325969Z,2024-12-17T20:49:20Z,23.23,value,temperature
,,0,2024-12-17T20:38:11.325969Z,2024-12-17T20:53:11.325969Z,2024-12-17T20:49:21Z,23.22,value,temperature
,,0,2024-12-17T20:38:11.325969Z,2024-12-17T20:53:11.325969Z,2024-12-17T20:49:22Z,23.21,value,temperature
,,0,2024-12-17T20:38:11.325969Z,2024-12-17T20:53:11.325969Z,2024-12-17T20:49:23Z,23.2,value,temperature
,,0,2024-12-17T20:38:11.325969Z,2024-12-17T20:53:11.325969Z,2024-12-17T20:49:24Z,23.2,value,temperature
,,0,2024-12-17T20:38:11.325969Z,2024-12-17T20:53:11.325969Z,2024-12-17T20:49:25Z,23.18,value,temperature
,,0,2024-12-17T20:38:11.325969Z,2024-12-17T20:53:11.325969Z,2024-12-17T20:49:26Z,23.17,value,temperature
,,0,2024-12-17T20:38:11.325969Z,2024-12-17T20:53:11.325969Z,2024-12-17T20:49:27Z,23.17,value,temperature
,,0,2024-12-17T20:38:11.325969Z,2024-12-17T20:53:11.325969Z,2024-12-17T20:49:28Z,23.16,value,temperature
,,0,2024-12-17T20:38:11.325969Z,2024-12-17T20:53:11.325969Z,2024-12-17T20:49:30Z,23.15,value,temperature
,,0,2024-12-17T20:38:11.325969Z,2024-12-17T20:53:11.325969Z,2024-12-17T20:49:31Z,23.14,value,temperature
,,0,2024-12-17T20:38:11.325969Z,2024-12-17T20:53:11.325969Z,2024-12-17T20:49:32Z,23.14,value,temperature
,,0,2024-12-17T20:38:11.325969Z,2024-12-17T20:53:11.325969Z,2024-12-17T20:49:33Z,23.14,value,temperature
,,0,2024-12-17T20:38:11.325969Z,2024-12-17T20:53:11.325969Z,2024-12-17T20:49:34Z,23.13,value,temperature
,,0,2024-12-17T20:38:11.325969Z,2024-12-17T20:53:11.325969Z,2024-12-17T20:49:35Z,23.13,value,temperature
,,0,2024-12-17T20:38:11.325969Z,2024-12-17T20:53:11.325969Z,2024-12-17T20:49:36Z,23.12,value,temperature
,,0,2024-12-17T20:38:11.325969Z,2024-12-17T20:53:11.325969Z,2024-12-17T20:49:37Z,23.11,value,temperature
,,0,2024-12-17T20:38:11.325969Z,2024-12-17T20:53:11.325969Z,2024-12-17T20:49:38Z,23.1,value,temperature
,,0,2024-12-17T20:38:11.325969Z,2024-12-17T20:53:11.325969Z,2024-12-17T20:49:39Z,23.1,value,temperature
,,0,2024-12-17T20:38:11.325969Z,2024-12-17T20:53:11.325969Z,2024-12-17T20:49:40Z,23.09,value,temperature
,,0,2024-12-17T20:38:11.325969Z,2024-12-17T20:53:11.325969Z,2024-12-17T20:49:41Z,23.08,value,temperature
,,0,2024-12-17T20:38:11.325969Z,2024-12-17T20:53:11.325969Z,2024-12-17T20:49:42Z,23.07,value,temperature
,,0,2024-12-17T20:38:11.325969Z,2024-12-17T20:53:11.325969Z,2024-12-17T20:49:43Z,23.07,value,temperature
,,0,2024-12-17T20:38:11.325969Z,2024-12-17T20:53:11.325969Z,2024-12-17T20:49:44Z,23.06,value,temperature
,,0,2024-12-17T20:38:11.325969Z,2024-12-17T20:53:11.325969Z,2024-12-17T20:49:45Z,23.05,value,temperature
,,0,2024-12-17T20:38:11.325969Z,2024-12-17T20:53:11.325969Z,2024-12-17T20:49:46Z,23.05,value,temperature
,,0,2024-12-17T20:38:11.325969Z,2024-12-17T20:53:11.325969Z,2024-12-17T20:49:47Z,23.04,value,temperature
,,0,2024-12-17T20:38:11.325969Z,2024-12-17T20:53:11.325969Z,2024-12-17T20:49:48Z,23.03,value,temperature
,,0,2024-12-17T20:38:11.325969Z,2024-12-17T20:53:11.325969Z,2024-12-17T20:49:49Z,23.02,value,temperature
,,0,2024-12-17T20:38:11.325969Z,2024-12-17T20:53:11.325969Z,2024-12-17T20:49:50Z,23.01,value,temperature
,,0,2024-12-17T20:38:11.325969Z,2024-12-17T20:53:11.325969Z,2024-12-17T20:49:51Z,23,value,temperature
,,0,2024-12-17T20:38:11.325969Z,2024-12-17T20:53:11.325969Z,2024-12-17T20:49:52Z,22.99,value,temperature
,,0,2024-12-17T20:38:11.325969Z,2024-12-17T20:53:11.325969Z,2024-12-17T20:49:53Z,22.99,value,temperature
,,0,2024-12-17T20:38:11.325969Z,2024-12-17T20:53:11.325969Z,2024-12-17T20:49:54Z,22.98,value,temperature
,,0,2024-12-17T20:38:11.325969Z,2024-12-17T20:53:11.325969Z,2024-12-17T20:49:55Z,22.97,value,temperature
,,0,2024-12-17T20:38:11.325969Z,2024-12-17T20:53:11.325969Z,2024-12-17T20:49:56Z,22.97,value,temperature
,,0,2024-12-17T20:38:11.325969Z,2024-12-17T20:53:11.325969Z,2024-12-17T20:49:57Z,22.96,value,temperature
,,0,2024-12-17T20:38:11.325969Z,2024-12-17T20:53:11.325969Z,2024-12-17T20:49:58Z,22.95,value,temperature
,,0,2024-12-17T20:38:11.325969Z,2024-12-17T20:53:11.325969Z,2024-12-17T20:49:59Z,22.95,value,temperature
,,0,2024-12-17T20:38:11.325969Z,2024-12-17T20:53:11.325969Z,2024-12-17T20:50:00Z,22.94,value,temperature
,,0,2024-12-17T20:38:11.325969Z,2024-12-17T20:53:11.325969Z,2024-12-17T20:50:01Z,22.94,value,temperature
,,0,2024-12-17T20:38:11.325969Z,2024-12-17T20:53:11.325969Z,2024-12-17T20:50:02Z,22.93,value,temperature
,,0,2024-12-17T20:38:11.325969Z,2024-12-17T20:53:11.325969Z,2024-12-17T20:50:03Z,22.92,value,temperature
,,0,2024-12-17T20:38:11.325969Z,2024-12-17T20:53:11.325969Z,2024-12-17T20:50:04Z,22.92,value,temperature
,,0,2024-12-17T20:38:11.325969Z,2024-12-17T20:53:11.325969Z,2024-12-17T20:50:05Z,22.91,value,temperature
,,0,2024-12-17T20:38:11.325969Z,2024-12-17T20:53:11.325969Z,2024-12-17T20:50:06Z,22.9,value,temperature
,,0,2024-12-17T20:38:11.325969Z,2024-12-17T20:53:11.325969Z,2024-12-17T20:50:07Z,22.9,value,temperature
,,0,2024-12-17T20:38:11.325969Z,2024-12-17T20:53:11.325969Z,2024-12-17T20:50:08Z,22.89,value,temperature
,,0,2024-12-17T20:38:11.325969Z,2024-12-17T20:53:11.325969Z,2024-12-17T20:50:09Z,22.88,value,temperature
,,0,2024-12-17T20:38:11.325969Z,2024-12-17T20:53:11.325969Z,2024-12-17T20:50:10Z,22.87,value,temperature
,,0,2024-12-17T20:38:11.325969Z,2024-12-17T20:53:11.325969Z,2024-12-17T20:50:11Z,22.87,value,temperature
,,0,2024-12-17T20:38:11.325969Z,2024-12-17T20:53:11.325969Z,2024-12-17T20:50:13Z,22.86,value,temperature
,,0,2024-12-17T20:38:11.325969Z,2024-12-17T20:53:11.325969Z,2024-12-17T20:50:14Z,22.85,value,temperature
,,0,2024-12-17T20:38:11.325969Z,2024-12-17T20:53:11.325969Z,2024-12-17T20:50:15Z,22.84,value,temperature
,,0,2024-12-17T20:38:11.325969Z,2024-12-17T20:53:11.325969Z,2024-12-17T20:50:16Z,22.83,value,temperature
,,0,2024-12-17T20:38:11.325969Z,2024-12-17T20:53:11.325969Z,2024-12-17T20:50:17Z,22.82,value,temperature
,,0,2024-12-17T20:38:11.325969Z,2024-12-17T20:53:11.325969Z,2024-12-17T20:50:18Z,22.82,value,temperature
,,0,2024-12-17T20:38:11.325969Z,2024-12-17T20:53:11.325969Z,2024-12-17T20:50:19Z,22.81,value,temperature
,,0,2024-12-17T20:38:11.325969Z,2024-12-17T20:53:11.325969Z,2024-12-17T20:50:20Z,22.81,value,temperature
,,0,2024-12-17T20:38:11.325969Z,2024-12-17T20:53:11.325969Z,2024-12-17T20:50:21Z,22.8,value,temperature
,,0,2024-12-17T20:38:11.325969Z,2024-12-17T20:53:11.325969Z,2024-12-17T20:50:22Z,22.8,value,temperature
,,0,2024-12-17T20:38:11.325969Z,2024-12-17T20:53:11.325969Z,2024-12-17T20:50:23Z,22.79,value,temperature
,,0,2024-12-17T20:38:11.325969Z,2024-12-17T20:53:11.325969Z,2024-12-17T20:50:24Z,22.79,value,temperature
,,0,2024-12-17T20:38:11.325969Z,2024-12-17T20:53:11.325969Z,2024-12-17T20:50:25Z,22.78,value,temperature
,,0,2024-12-17T20:38:11.325969Z,2024-12-17T20:53:11.325969Z,2024-12-17T20:50:26Z,22.77,value,temperature
,,0,2024-12-17T20:38:11.325969Z,2024-12-17T20:53:11.325969Z,2024-12-17T20:50:27Z,22.77,value,temperature
,,0,2024-12-17T20:38:11.325969Z,2024-12-17T20:53:11.325969Z,2024-12-17T20:50:28Z,22.76,value,temperature
,,0,2024-12-17T20:38:11.325969Z,2024-12-17T20:53:11.325969Z,2024-12-17T20:50:29Z,22.76,value,temperature
,,0,2024-12-17T20:38:11.325969Z,2024-12-17T20:53:11.325969Z,2024-12-17T20:50:30Z,22.75,value,temperature
,,0,2024-12-17T20:38:11.325969Z,2024-12-17T20:53:11.325969Z,2024-12-17T20:50:31Z,22.74,value,temperature
,,0,2024-12-17T20:38:11.325969Z,2024-12-17T20:53:11.325969Z,2024-12-17T20:50:32Z,22.74,value,temperature
,,0,2024-12-17T20:38:11.325969Z,2024-12-17T20:53:11.325969Z,2024-12-17T20:50:33Z,22.74,value,temperature
,,0,2024-12-17T20:38:11.325969Z,2024-12-17T20:53:11.325969Z,2024-12-17T20:50:34Z,22.73,value,temperature
,,0,2024-12-17T20:38:11.325969Z,2024-12-17T20:53:11.325969Z,2024-12-17T20:50:35Z,22.73,value,temperature
,,0,2024-12-17T20:38:11.325969Z,2024-12-17T20:53:11.325969Z,2024-12-17T20:50:36Z,22.72,value,temperature
,,0,2024-12-17T20:38:11.325969Z,2024-12-17T20:53:11.325969Z,2024-12-17T20:50:37Z,22.72,value,temperature

